Designator,Footprint,Quantity,Value,LCSC Part #
"C1, C12, C15, C6, C7, C8",0603,6,10uF,C19702
"C10, C13, C14, C16, C17, C19, C2, C4, C5, C9",0402,10,1uF,C52923
"C18, C20, C3",0402,3,100nF,C1525
D1,D_SMA,1,Schottky,C22452
D2,SOT-23-6,1,SP0505BAHT,C2987147
D3,0603,1,LED,C72043
D4,LED_WS2812B_PLCC4_5.0x5.0mm_P3.2mm,1,WS2812B,
FB1,0805,1,FerriteBead,C1015
J1,MOLEX_2012670005,1,2012670005,C565324
J4,PinHeader_1x05_P1.27mm_Horizontal,1,Screw_Terminal_01x05,
"JP1, JP2",SolderJumper-2_P1.3mm_Open_Pad1.0x1.5mm,2,SolderJumper_2_Open,
Q1,SSOP-8_3.9x5.05mm_P1.27mm,1,PMOS,C235530
"R1, R5",0603,2,10k,C25744
R10,0402,1,10k,C25744
"R2, R3",0603,2,5.1k,C23186
R4,0603,1,100k,C25803
"R6, R7",0603,2,1k,C21190
"R8, R9",0402,2,4.7k,C25900
"SW1, SW2",SW_Push_1P1T_NO_CK_KSC6xxJ,2,SW_Push,C318884
U1,SOT-89-3,1,ME6211A33PG-N,C236673
U2,ESP32-S3-WROOM-1U,1,ESP32-S3-WROOM-1,C2913199
U3,SOT95P280X145-6N,1,BQ21040DBVR,C202311
U4,SON50P200X200X80-9N,1,MAX17048G+T10,C2682616
U5,PSON100P300X300X110-6N,1,AHT20,C2757850
