Designator,Footprint,Quantity,Value,LCSC Part #
"C1, C12, C15, C6, C7",0603,5,10uF,C19702
"C10, C11, C20, C3, C9",0402,5,100nF,C1525
"C13, C14, C2, C21, C22, C23, C24, C4, C5, C8",0402,10,1uF,C52923
C16,0402,1,1nF,C1253
C17,0402,1,4.7nF,C1538
D1,D_SMA,1,Schottky,C22452
D2,SOT-23-6,1,SP0505BAHT,C2987147
D3,0603,1,LED,C84256
D4,LED_WS2812B_PLCC4_5.0x5.0mm_P3.2mm,1,WS2812B,
D5,D_SOD-323,1,1N4148,C2128
F1,0154008DR,1,8A Fuse,C206919
FB1,0805,1,FerriteBead,C1015
IC1,QFN50P300X450X100-16N,1,BMI055,C189620
J1,MOLEX_2012670005,1,2012670005,C565324
J2,"TerminalBlock_Phoenix_MPT-0,5-5-2.54_1x05_P2.54mm_Horizontal",1,Screw_Terminal_01x05,
J5,"TerminalBlock_Phoenix_MPT-0,5-2-2.54_1x02_P2.54mm_Horizontal",1,Conn_01x02,
JP1,SolderJumper-3_P1.3mm_Bridged12_Pad1.0x1.5mm,1,10k Bridge,
Q1,SSOP-8_3.9x5.05mm_P1.27mm,1,PMOS,C235530
Q2,SOT-23,1,NPN,C2146
"R1, R2",0603,2,5.1k,C23186
"R10, R9",0402,2,4.7k,C25900
R11,0402,1,10R,C25077
"R12, R13, R14, R5",0603,4,10k,C25744
R3,0603,1,100k,C25803
"R4, R6, R8",0603,3,1k,C21190
R7,0402,1,10k,C25744
"SW1, SW2",SW_Push_1P1T_NO_CK_KSC6xxJ,2,SW_Push,C318884
U1,SOT-89-3,1,ME6211A33PG-N,C236673
U2,ESP32-S3-WROOM-1U,1,ESP32-S3-WROOM-1,C2913199
U4,SOT95P280X145-6N,1,BQ21040DBVR,C202311
U6,SON50P200X200X80-9N,1,MAX17048G+T10,C2682616
